{
  "src_folders": ["tests"],
  "output_folder": "reports/XMLReports",
  "custom_commands_path": "lib/custom_commands",
  "custom_assertions_path": "lib/assertion",
  "page_objects_path": "pages",
  "selenium": {
    "start_process": true,
    "server_path": "lib/drivers/selenium-server-standalone-3.14.0.jar",
    "start_session": true,
    "log_path": "log/",
    "host": "127.0.0.1",
    "port": 4441,
    "cli_args": {
      "webdriver.chrome.driver": "lib/drivers/chromedriver.exe"
    }
  },
  "test_settings" : {
      "chrome": {
          "launch_url": "http://localhost",
          "selenium_port": 4441,
          "selenium_host": "localhost",
          "silent": true,
          "screenshots": {
            "enabled": false,
            "path": "screenshots/Chrome/"
          },
          "desiredCapabilities": {
            "browserName": "chrome",
            "chromeOptions": {
              "args": [
                "disable-web-security",
               "ignore-certificate-errors",
               "--test-type"
              ]
            }
          }
        },

    "edge" : {
      "desiredCapabilities": {
        "browserName": "MicrosoftEdge"
      }
    }
  }
}